{
  "products": [
    {
      "produto": "Leite",
      "quantidade": 60,
      "preço": 2.5,
      "id": "e4e5"
    },
    {
      "produto": "Bolacha",
      "quantidade": 100,
      "preço": 1.99,
      "id": "4ef0"
    },
    {
      "produto": "Água",
      "quantidade": 85,
      "preço": 1.2,
      "id": "c80b"
    },
    {
      "produto": "Vodka",
      "quantidade": 40,
      "preço": 40,
      "id": "0052"
    },
    {
      "produto": "Toddy",
      "quantidade": 75,
      "preço": 4.99,
      "id": "6818"
    }
  ],
  "clientes": [
    {
      "0": {
        "nome": "matheus",
        "casado": false,
        "endereco": "rua almiro cavalcante, 563",
        "renda": 2500
      },
      "id": "2fae"
    },
    {
      "0": {
        "nome": "eduardo",
        "casado": true,
        "endereco": "rua 23 de maio 725, ap 51",
        "renda": 6700
      },
      "id": "e734"
    },
    {
      "0": {
        "nome": "murilo",
        "casado": false,
        "endereco": "piracicaba da serra 666",
        "renda": 35.98
      },
      "id": "8edc"
    },
    {
      "0": {
        "nome": "paulin",
        "casado": false,
        "endereco": "apartamento do lado do anchieta, 69",
        "renda": 8.23
      },
      "id": "381a"
    },
    {
      "0": {
        "nome": "jao",
        "casado": true,
        "endereco": "aphaville2 - sp",
        "renda": 27.85
      },
      "id": "f3e0"
    }
  ]
}